{
  "description": {
    "title": "",
    "text": ""
  },
  "links_1": {
    "list_pages": false,
    "title": "Institucional",
    "list": [
      {
        "text": "Sobre a Loja LOV",
        "url": "/pages/sobre-a-loja-lov"
      },
      {
        "text": "Blog da LOV",
        "url": "https://blog.lojalov.com.br/"
      },
      {
        "text": "Central de Atendimento",
        "url": "/pages/contato"
      },
      {
        "url": "/pages/faq",
        "text": "Dúvidas Frequentes"
      },
      {
        "text": "Formas de Pagamento",
        "url": "/pages/pagamentos"
      },
      {
        "text": "Política de Privacidade",
        "url": "/pages/privacidade"
      },
      {
        "text": "Trocas, Devoluções e Garantia",
        "url": "/pages/trocas"
      }
    ]
  },
  "links_2": {
    "list_categories": false,
    "title": "Categorias",
    "list": []
  },
  "contacts": {
    "title": "Contatos",
    "phone_wpp": true,
    "socials": true,
    "email": true,
    "address": true
  },
  "stamps": [
    {
      "src": "/img/uploads/atendimento_whats.webp",
      "link": "https://api.whatsapp.com/send?phone=5514997440476&text=Ol%C3%A1,%20estou%20na%20Loja%20LOV,%20pode%20me%20ajudar?",
      "alt": "Dúvidas? Fala com a gente no Whats!"
    },
    {
      "src": "/img/uploads/selo-letsencrypt.webp",
      "link": "https://www.ssllabs.com/ssltest/analyze.html?d=www.lojalov.com.br",
      "alt": "Conexão 100% Segura"
    }
  ],
  "payment_methods": {
    "bb": false,
    "visa": true,
    "boleto": true,
    "aura": false,
    "banrisul": false,
    "elo": true,
    "hipercard": true,
    "hsbc": false,
    "bradesco": false,
    "santander": false,
    "mastercard": true,
    "citibank": false,
    "diners": false,
    "mais": true,
    "amex": true,
    "itau": false
  },
  "credits": "2016 - 2021 © LOJA LOV • Porque a vida é bem melhor com prazer! • CNPJ: 32.868.856/0001-70"
}