{
  "marketing_stripe": {
    "text": "PAGUE COM O PIX VOCÊ GANHE DUAS VEZES: O BANCO TE ISENTA DA TAXA E A LOV TE DA 5% DE DESCONTO!",
    "link": ""
  },
  "contacts_stripe": {
    "pages": [
      {
        "title": "Sobre nós",
        "link": "/pages/sobre-a-loja-lov"
      },
      {
        "title": "Blog da LOV",
        "link": "https://blog.lojalov.com.br/"
      }
    ],
    "phone_wpp": true,
    "socials": true
  },
  "categories_list": {
    "featured": [],
    "random": 0,
    "full_width": true
  },
  "search_input": true
}