{
  "meta_title": "Loja LOV - Sex Shop Marília: Entrega Discreta e Compra Segura",
  "meta_description": "Sex Shop Marília: Entrega rápida e embalagem discreta - Loja LOV. Temos os melhores Produtos Eróticos de Sex Shop em até 12 vezes no Cartão!",
  "sections": [
    {
      "type": "banner-slider",
      "autoplay": 8000,
      "slides": [
        {
          "start": "",
          "end": "",
          "img": "/img/uploads/frete_gratis_full.webp",
          "mobile_img": "/img/uploads/frete_gratis_mobile.webp",
          "alt": "Frete Grátis nas compras acima de R$ 250,00 para região Sudeste"
        },
        {
          "start": "",
          "end": "",
          "img": "/img/uploads/lov_bannersitegrande-5-pacote2.webp",
          "alt": "Libere suas fantasias, conheça nossa coleção em couro",
          "mobile_img": "/img/uploads/lov_bannersitequadrado-5-pacote2.webp",
          "link": "https://www.lojalov.com.br/search?term=stillo+sex"
        },
        {
          "start": "",
          "end": "",
          "img": "/img/uploads/vibre_1.webp",
          "link": "https://www.lojalov.com.br/vibradores-linha-premium/",
          "mobile_img": "/img/uploads/vibre_2.webp",
          "alt": "Vibradores incríveis que vão fazer seu momento a dois ou sozinhe incríveis!"
        }
      ]
    },
    {
      "type": "info-bar",
      "enabled": true
    },
    {
      "type": "collection-shelf",
      "shuffle": true,
      "collection_id": "5e691ad87e65524614885379",
      "sort": "news",
      "title": "NOVIDADES SUPER QUENTES"
    },
    {
      "type": "collection-shelf",
      "shuffle": true,
      "collection_id": "5e691aa27e65524614885372:collections:DESTAQUES:/destaques",
      "sort": "views",
      "title": "OS MELHORES PRODUTOS PARA VOCÊ"
    },
    {
      "type": "banner-slider",
      "autoplay": 6000,
      "slides": [
        {
          "start": "",
          "end": "",
          "img": "/img/uploads/banner_domi.webp",
          "link": "https://www.lojalov.com.br/sado-e-fetiche/",
          "alt": "Nossa linha sado foi feita para você liberar seus fetiches",
          "mobile_img": "/img/uploads/banner_domi_mobile.webp"
        },
        {
          "start": "",
          "end": "",
          "img": "/img/uploads/banner_hard2.webp",
          "link": "https://www.lojalov.com.br/search?term=hard",
          "alt": "Os melhores plugs para seu total prazer",
          "mobile_img": "/img/uploads/banner_hard1.webp"
        },
        {
          "start": "",
          "end": "",
          "img": "/img/uploads/linha_dark-1.webp",
          "link": "https://www.lojalov.com.br/search?term=dark",
          "alt": "Os cosméticos da linha Dark foram desenvolvidos para você que não tem medo de ousar",
          "mobile_img": "/img/uploads/linha_dark-2.webp"
        }
      ]
    },
    {
      "type": "collection-shelf",
      "shuffle": true,
      "collection_id": "5e691afa7e6552461488537e",
      "sort": "offers",
      "title": "PRODUTOS COM UM VALOR ESPECIAL"
    },
    {
      "type": "collection-shelf",
      "shuffle": true,
      "collection_id": "5e691ab57e65524614885375",
      "sort": "sales",
      "title": "OS MAIS PROCURADOS"
    },
    {
      "type": "custom-content",
      "markdown": "<div style=\"text-align: left;\">\n\t\t\t<h1 class=\"entry-title\" style=\"box-sizing: border-box; color: rgb(63, 41, 113); center; margin-top: 0px; margin-bottom: 0.5em; text-rendering: optimizespeed; font-size: 1.7em; line-height: 1.3; font-family: Nunito, -apple-system, system-ui, BlinkMacSystemFont, &quot;Segoe UI&quot;, Helvetica, Arial, sans-serif, &quot;Apple Color Emoji&quot;, &quot;Segoe UI Emoji&quot;, &quot;Segoe UI Symbol&quot;; text-align: center; background-color: rgb(255, 255, 255);\">\n\t\t\t\t<span style=\"color:#b22222;\">Sex Shop Mar&iacute;lia: Entrega Discreta e Compra Segura - Loja LOV</span></h1>\n\t\t\t<p style=\"box-sizing: border-box; margin-bottom: 1.3em; margin-top: 0px; color: rgb(96, 96, 96); font-family: -apple-system, system-ui, BlinkMacSystemFont, &quot;Segoe UI&quot;, Helvetica, Arial, sans-serif, &quot;Apple Color Emoji&quot;, &quot;Segoe UI Emoji&quot;, &quot;Segoe UI Symbol&quot;; font-size: 18px; background-color: rgb(255, 255, 255); text-align: center;\">\n\t\t\t\tTe convido a experimentar a melhor loja Sex Shop de Mar&iacute;lia e Região.<br />\n\t\t\t\t<strong>Lubrificantes</strong>, <strong>vibradores</strong>, <strong>g&eacute;is</strong>, <strong>acess&oacute;rios</strong>, <strong>fantasias</strong> e muito mais! Tudo para aquecer a sua rela&ccedil;&atilde;o.&nbsp;</p>\n\t\t\t<p style=\"box-sizing: border-box; margin-bottom: 1.3em; margin-top: 0px; color: rgb(96, 96, 96); font-family: -apple-system, system-ui, BlinkMacSystemFont, &quot;Segoe UI&quot;, Helvetica, Arial, sans-serif, &quot;Apple Color Emoji&quot;, &quot;Segoe UI Emoji&quot;, &quot;Segoe UI Symbol&quot;; font-size: 18px; background-color: rgb(255, 255, 255); text-align: center;\">\n\t\t\t\tO melhor Sex Shop do Brasil, entrega r&aacute;pida e embalagem super discreta!</p>\n\t\t</div>"
    }
  ]
}