{
  "shipping": {
    "text": "Frete grátis para compras acima de R$ 250,00 (Região sudeste)",
    "show": true
  },
  "installments": {
    "text": "Parcele em até 12x no cartão",
    "show": true,
    "link": "https://www.lojalov.com.br/pages/pagamentos"
  },
  "exchange": {
    "text": "30 dias para a troca do produto",
    "show": false,
    "link": "https://www.lojalov.com.br/pages/trocas"
  },
  "promo": {
    "text": "5% de desconto à vista no PIX e/ou Transferência",
    "show": true,
    "link": "https://www.lojalov.com.br/pages/pagamentos"
  }
}