{
  "title": "Central de Atendimento",
  "meta_title": "Fale com a Loja LOV",
  "meta_description": "Fale com a Loja LOV o melhor Sex Shop de Marília e região",
  "body": "<html>\n\t<head>\n\t\t<title></title>\n\t</head>\n\t<body>\n\t\t<h2 class=\"title\" style=\"text-align: center;\">\n\t\t\t<span style=\"font-family:verdana,geneva,sans-serif;\">Como podemos te ajudar?</span></h2>\n\t\t<p style=\"text-align: center;\">\n\t\t\t<span style=\"font-family:verdana,geneva,sans-serif;\">Para tirar suas d&uacute;vidas, fazer sugest&otilde;es ou reclama&ccedil;&otilde;es envie uma mensagem em nosso Whatsapp clicando na imagem abaixo.</span></p>\n\t\t<p style=\"text-align: center;\">\n\t\t\t<a href=\"https://api.whatsapp.com/send?phone=5514997440476&amp;text=Ol%C3%A1,%20estou%20com%20uma%20duvida,%20voce%20pode%20me%20ajudar?\" rel=\"noopener\" target=\"_blank\"><img alt=\"\" height=\"195\" src=\"https://www.lojalov.com.br/img/uploads/atendimento_whats.webp\" width=\"215\" /></a></p>\n\t\t<p style=\"text-align: center;\">\n\t\t\t<span style=\"font-family:verdana,geneva,sans-serif;\">Ou ligue diretamente para (14) 99744-0476 ou (14) 99712-9701</span></p>\n\t\t<p style=\"text-align: center;\">\n\t\t\t<span style=\"font-family:verdana,geneva,sans-serif;\"><strong>(Segunda &agrave; sexta das 10 &agrave;s 20h e S&aacute;bados das 10 &agrave;s 17h</strong>)</span></p>\n\t</body>\n</html>",
  "sections": [
    {
      "type": "page-title",
      "title": "Fale Conosco"
    },
    {
      "type": "extra-page",
      "enabled": true
    },
    {
      "type": "collection-shelf",
      "shuffle": true,
      "collection_id": "5e691aa27e65524614885372",
      "title": "Nossos Produtos"
    }
  ]
}