{
  "title": "Sex Shop Tupã - SP",
  "body": "<div style=\"text-align: left;\">\n\t\t\t<h1 class=\"entry-title\" style=\"box-sizing: border-box; color: rgb(63, 41, 113); width: auto; margin-top: 0px; margin-bottom: 0.5em; text-rendering: optimizespeed; font-size: 1.7em; line-height: 1.3; font-family: Nunito, -apple-system, system-ui, BlinkMacSystemFont, &quot;Segoe UI&quot;, Helvetica, Arial, sans-serif, &quot;Apple Color Emoji&quot;, &quot;Segoe UI Emoji&quot;, &quot;Segoe UI Symbol&quot;; text-align: center; background-color: rgb(255, 255, 255);\">\n\t\t\t\tSex Shop Tupã</h1>\n\t\t\t<p style=\"box-sizing: border-box; margin-bottom: 1.3em; margin-top: 0px; color: rgb(96, 96, 96); font-family: -apple-system, system-ui, BlinkMacSystemFont, &quot;Segoe UI&quot;, Helvetica, Arial, sans-serif, &quot;Apple Color Emoji&quot;, &quot;Segoe UI Emoji&quot;, &quot;Segoe UI Symbol&quot;; font-size: 18px; background-color: rgb(255, 255, 255);\">\n\t\t\t\tConhe&ccedil;a os&nbsp;<span style=\"box-sizing: border-box; font-weight: bolder;\">produtos de sex shop</span>&nbsp;mais procurados pelo p&uacute;blico tupãense S&atilde;o diversos sex toys e outros produtos er&oacute;ticos pra todos os p&uacute;blicos tupãenses.</p>\n\t\t\t<p style=\"box-sizing: border-box; margin-bottom: 1.3em; margin-top: 0px; color: rgb(96, 96, 96); font-family: -apple-system, system-ui, BlinkMacSystemFont, &quot;Segoe UI&quot;, Helvetica, Arial, sans-serif, &quot;Apple Color Emoji&quot;, &quot;Segoe UI Emoji&quot;, &quot;Segoe UI Symbol&quot;; font-size: 18px; background-color: rgb(255, 255, 255);\">\n\t\t\t\tEst&aacute; procurando por&nbsp;<span style=\"box-sizing: border-box; font-weight: bolder;\">Sex Shop Tupã</span>? Te convido para experimentar a melhor&nbsp;<span style=\"box-sizing: border-box; font-weight: bolder;\">loja sex shop online de Tupã&nbsp;</span>com entrega pelos correios para todos os bairros.</p>\n\t\t\t<p style=\"box-sizing: border-box; margin-bottom: 1.3em; margin-top: 0px; color: rgb(96, 96, 96); font-family: -apple-system, system-ui, BlinkMacSystemFont, &quot;Segoe UI&quot;, Helvetica, Arial, sans-serif, &quot;Apple Color Emoji&quot;, &quot;Segoe UI Emoji&quot;, &quot;Segoe UI Symbol&quot;; font-size: 18px; background-color: rgb(255, 255, 255);\">\n\t\t\t\tQuer estimular o relacionamento e melhorar o desejo sexual? Temos o produto certo para voc&ecirc;!</p>\n\t\t\t<p style=\"box-sizing: border-box; margin-bottom: 1.3em; margin-top: 0px; color: rgb(96, 96, 96); font-family: -apple-system, system-ui, BlinkMacSystemFont, &quot;Segoe UI&quot;, Helvetica, Arial, sans-serif, &quot;Apple Color Emoji&quot;, &quot;Segoe UI Emoji&quot;, &quot;Segoe UI Symbol&quot;; font-size: 18px; background-color: rgb(255, 255, 255);\">\n\t\t\t\tConhe&ccedil;a a LOV<br />\n\t\t\t\tO melhor Sex Shop de Tupã e do Brasil!</p>\n\t\t</div>",
  "meta_description": "Procurando Sex Shop Assis? Aqui na Loja LOV você encontra os melhores produtos de Sex Shop da cidade de Tupã e região!",
  "meta_title": "Sex Shop Tupã: Entrega discreta e compra segura - Loja LOV",
  "sections": [
    {
      "type": "extra-page",
      "enabled": true
    },
    {
      "type": "collection-shelf",
      "shuffle": true,
      "collection_id": "5e691aa27e65524614885372",
      "title": "OS PRODUTOS MAIS VENDIDOS EM TUPÃ"
    }
  ]
}