{
  "title": "Sex Shop Marília",
  "body": "<div style=\"text-align: left;\">\n\t\t\t<div class=\"page-title\">\n\t\t\t\t<h1>\n\t\t\t\t\t<span style=\"color: rgb(52, 58, 64); font-family: Ubuntu, sans-serif;\">Loja LOV</span></h1>\n\t\t\t</div>\n\t\t\t<div class=\"col-xs-12\">\n\t\t\t\t<p>\n\t\t\t\t\t<span style=\"color: rgb(52, 58, 64); font-family: Ubuntu, sans-serif;\">Iniciamos nossas atividades em novembro de 2016 e desde ent&atilde;o trabalhamos para que nossos clientes possam aumentar o prazer, elevar o poder de sedu&ccedil;&atilde;o, desejo, ousar e criar, enfim para lhes oferecer&nbsp;<strong>&ldquo;algo diferente em seus momentos especiais&rdquo;...</strong></span></p>\n\t\t\t\t<p>\n\t\t\t\t\t<span style=\"color: rgb(52, 58, 64); font-family: Ubuntu, sans-serif;\">Hoje a&nbsp;Loja LOV&nbsp;&eacute; uma das melhores op&ccedil;&otilde;es de compra de produtos sensuais em todo o Brasil. Esse sucesso &eacute; fruto de muito empenho e extremo cuidado com nossos clientes.</span></p>\n\t\t\t\t<div class=\"vantagens\">\n\t\t\t\t\t<h2 class=\"title\">\n\t\t\t\t\t\t<span style=\"color: rgb(52, 58, 64); font-family: Ubuntu, sans-serif;\"><small>CONHE&Ccedil;A ALGUMAS VANTAGENS DE ESTAR NA</small>&nbsp;LOJA LOV</span></h2>\n\t\t\t\t\t<p>&nbsp;</p>\n\t\t\t\t\t<h3 class=\"sub\">\n\t\t\t\t\t\t<span style=\"color: rgb(52, 58, 64); font-family: Ubuntu, sans-serif;\">ATENDIMENTO &Aacute;GIL E PROFISSIONAL</span></h3>\n\t\t\t\t\t<p>\n\t\t\t\t\t\t<span style=\"color: rgb(52, 58, 64); font-family: Ubuntu, sans-serif;\">Buscamos sempre oferecer um atendimento altamente profissional, com toda informa&ccedil;&atilde;o t&eacute;cnica necess&aacute;ria ao conhecimento e forma de uso de cada produto sensual.</span></p>\n\t\t\t\t\t<h3 class=\"sub\">\n\t\t\t\t\t\t<span style=\"color: rgb(52, 58, 64); font-family: Ubuntu, sans-serif;\">PAGAMENTO CONFI&Aacute;VEL</span></h3>\n\t\t\t\t\t<p>\n\t\t\t\t\t\t<span style=\"color: rgb(52, 58, 64); font-family: Ubuntu, sans-serif;;\">Voc&ecirc; pode pagar suas compras diretamente &agrave; Loja LOV ou atrav&eacute;s de cart&atilde;o de cr&eacute;dito pelo Mercado Pago, um sistema opcional escolhido por permitir ao cliente maior certeza no oferecimento de nossos servi&ccedil;os.</span></p>\n\t\t\t\t\t<h3 class=\"sub\">\n\t\t\t\t\t\t<span style=\"color: rgb(52, 58, 64); font-family: Ubuntu, sans-serif;;\">VARIEDADE E QUALIDADE</span></h3>\n\t\t\t\t\t<p>\n\t\t\t\t\t\t<span style=\"color: rgb(52, 58, 64); font-family: Ubuntu, sans-serif; font-size: 17.008px; background-color: rgb(255, 255, 255);\">Beleza, bom gosto e alta qualidade norteiam nosso mix de produtos. Temos parcerias com os principais fabricantes de produtos voltados para o mercado sensual, que buscam, atrav&eacute;s de seus produtos, oferecer plena satisfa&ccedil;&atilde;o para todos os n&iacute;veis de relacionamento.</span></p>\n\t\t\t\t\t<h3 class=\"sub\">\n\t\t\t\t\t\t<span style=\"color: rgb(52, 58, 64); font-family: Ubuntu, sans-serif;\">EMBALAGEM DISCRETA</span></h3>\n\t\t\t\t\t<p>\n\t\t\t\t\t\t<span style=\"color: rgb(52, 58, 64); font-family: Ubuntu, sans-serif; font-size: 17.008px; background-color: rgb(255, 255, 255);\">Sua compra ser&aacute; sempre embalada de maneira totalmente discreta, em caixas lisas e com um lacre (fita) de seguran&ccedil;a sem nenhuma cita&ccedil;&atilde;o. Nas etiquetas o remetente vai em nome da nossa raz&atilde;o social. N&atilde;o haver&aacute; como saber que voc&ecirc; comprou um produto sensual ou conte&uacute;do de sua compra.</span></p>\n\t\t\t\t\t<h3 class=\"sub\">\n\t\t\t\t\t\t<span style=\"color: rgb(52, 58, 64); font-family: Ubuntu, sans-serif;\">FRETE GR&Aacute;TIS</span></h3>\n\t\t\t\t\t<p>\n\t\t\t\t\t\t<span style=\"color: rgb(52, 58, 64); font-family: Ubuntu, sans-serif; font-size: 17.008px; background-color: rgb(255, 255, 255);\">Para voc&ecirc; que mora na regi&atilde;o Sudeste nas compras acima de R$ 250,00 o frete &eacute; gr&aacute;tis.</span></p>\n\t\t\t\t\t<h3 class=\"sub\">\n\t\t\t\t\t\t<span style=\"color: rgb(52, 58, 64); font-family: Ubuntu, sans-serif;\">NOVIDADES SEMPRE</span></h3>\n\t\t\t\t\t<p>\n\t\t\t\t\t\t<font color=\"#343a40\" face=\"Ubuntu, sans-serif\"><span style=\"font-size: 17.008px; background-color: rgb(255, 255, 255);\">Sempre atentos ao mercado sensual estamos sempre trazendo novidades e lan&ccedil;amentos para nossos clientes! Alguns dos quais voc&ecirc; s&oacute; encontra aqui na Loja LOV</span></font></p>\n\t\t\t\t\t<h3 class=\"sub\">\n\t\t\t\t\t\t<span style=\"color: rgb(52, 58, 64); font-family: Ubuntu, sans-serif;\">MELHOR PRE&Ccedil;O</span></h3>\n\t\t\t\t\t<p>\n\t\t\t\t\t\t<span style=\"color: rgb(52, 58, 64); font-family: Ubuntu, sans-serif;\">E claro, nenhum desses motivos seria t&atilde;o interessante se voc&ecirc; tivesse que pagar a mais por todas essas vantagens. Aqui, &eacute; a lei do melhor pre&ccedil;o. Fazemos pesquisas peri&oacute;dicas de pre&ccedil;os para sempre buscarmos oferecer o melhor pre&ccedil;o para voc&ecirc;.</span></p>\n\t\t\t\t\t<h3 class=\"sub\">\n\t\t\t\t\t\t<span style=\"color: rgb(52, 58, 64); font-family: Ubuntu, sans-serif;\">AQUI...</span></h3>\n\t\t\t\t\t<p>\n\t\t\t\t\t\t<span style=\"color: rgb(52, 58, 64); font-family: Ubuntu, sans-serif;\">Voc&ecirc; aumenta o prazer, eleva o poder de sedu&ccedil;&atilde;o, de desejo, ousar e criar.<br />\n\t\t\t\t\t\t<br />\n\t\t\t\t\t\tSeja bem vind@ a <strong>Loja LOV</strong></span></p>\n</div>",
  "meta_title": "Sex Shop Marília",
  "meta_description": "Loja LOV o melhor sex shop de Marília e região!",
  "sections": [
    {
      "type": "extra-page",
      "enabled": true
    },
    {
      "type": "collection-shelf",
      "shuffle": true,
      "collection_id": "5e691aa27e65524614885372",
      "title": "Conheça nossos produtos"
    }
  ]
}