{
  "title": "Troca, Devolução e Garantia",
  "meta_title": "Troca, Devolução e Garantia",
  "meta_description": "Troca, Devolução e Garantia",
  "body": "<p>A satisfação do cliente está acima de tudo, por isso a troca de um produto por simples arrependimento é possível. Porém, para sua própria segurança e por motivos de higiene (no caso de produtos de uso íntimo), existem alguns <span style=\"font-weight: bold;\">procedimentos que devem ser seguidos CASO deseje trocar seu produto.&nbsp;</span></p>\n<p><span style=\"font-weight: bold; font-style: italic;\">Ao receber seu pedido, caso constate a falta de algum produto nos comunicar no prazo máximo de 48 horas, após este prazo não aceitaremos reclamações.</span></p>\n<p>O cliente deverá <span style=\"font-weight: bold;\">realizar o contato através dos canais de atendimento</span>, via chat, Whatsapp ou via e-mail, informando a situação. Para maior agilidade no atendimento informar o número de identificação do pedido.</p>\n<p><span style=\"font-weight: bold;\"><br></span></p>\n<p><span style=\"font-weight: bold;\">TROCA POR DESISTÊNCIA</span></p>\n<ul>\n<li>O prazo máximo para reclamação é de 07 dias úteis a partir do recebimento do produto;</li>\n<li>O produto deve estar <span style=\"font-weight: bold;\">intacto, lacrado e em sua embalagem original</span>, não aceitaremos produtos que estejam com a embalagem rasgada, amassada, danificada ou com vestígios de que foi aberto; </li>\n<li>No caso de vestuário é necessário que a <span style=\"font-weight: bold;\">embalagem seja a original e possua a etiqueta do fabricante</span>; </li>\n<li>Se houver vestígios de que o produto foi utilizado NÃO efetuaremos a troca;&nbsp;</li>\n</ul>\n<p>Se o produto estiver <span style=\"font-weight: bold;\">de acordo com as especificações indicadas</span> acima, <span style=\"font-weight: bold;\">você receberá um CUPOM no valor do produto </span>para ser utilizado em um novo pedido. Será cobrado também o valor do frete referente ao novo envio. NÃO efetuamos devolução em dinheiro por trocas de insatisfação.&nbsp;</p>\n<p></p>\n<p><span style=\"font-weight: bold;\">TROCA POR DEFEITO</span></p>\n<p>Se o produto apresentar <span style=\"font-weight: bold;\">defeito de fabricação ou funcionamento</span>, <span style=\"font-weight: bold;\">o prazo para reclamação é de 90 dias a contar da data do recebimento.</span></p>\n<p>Para que a troca do produto seja efetuada as condições listadas abaixo deverão ser cautelosamente cumpridas:</p>\n<ul>\n<li>O produto deverá estar em ótimas condições, <span style=\"font-weight: bold;\">sem indícios de uso inadequado</span> ou avaria física (ex.: amassados, arranhões, oxidação, descaracterização do item adquirido, componente queimado, adulteração, etc.);</li>\n<li>O produto deverá ser enviado em sua embalagem original, onde deverá conter todos os acessórios originais;</li>\n<li>O lacre de segurança do aparelho não poderá estar rompido; </li>\n<li>Não será aceito nenhum produto diferente ao estado original de fábrica devido ao manuseio inadequado pelo cliente;</li>\n<li>Não serão aceitos produtos utilizados em partes íntimas;</li>\n<li>Em caso de cosméticos, os produtos devem estar dentro do prazo de 90 dias para o seu vencimento.</li>\n</ul>\n<p><br></p>\n<p><span style=\"font-weight: bold;\">Após o contato realizado pelo cliente, nossa equipe tem 48h para análise e condução do caso. Os procedimentos a serem tomados para realização da troca ou ressarcimento do valor serão informados pelos canais de atendimento utilizados pelo cliente.</span></p>\n<p><br></p>\n<p><br></p>",
  "sections": [
    {
      "type": "extra-page",
      "enabled": true
    }
  ]
}